,date,review,rating,isEdited,userName,title,developerResponse
0,2021-09-23 21:16:43,"Waarom blijven de change-logs van app updates hetzelfde? Dit gaat niet alleen tegen de App Store voorwaarden in, maar het is ook niet duidelijk voor de gebruikers.

Verder is het een goede app",4,False,Marc Molenaar,Changelog steeds hetzelfde,
1,2021-05-16 23:21:53,"Na het inloggen direct de melding: ... ‚ÄúZiggo Internet abonnement nodig voor deze app.‚Äù Na bijna 23 jaar, incl idd UPC, trouwe klant denk ik dan: wat gaat hier nou mis?? Ps. Mijn inloggegevens zijn juist en werken met alle andere Ziggo apps of op de pc prima.",1,False,PeanutMaster,‚ÄúZiggo Internet abonnement nodig voor deze app‚Äù,"{'id': 22875692, 'body': 'Dat is inderdaad heel raar dat je deze melding ziet wanneer je wilt inloggen in onze app. Het is mogelijk dat je gister deze melding zag toen we bezig waren met onderhoudswerkzaamheden bij deze app. Ik ga er vanuit dat je inmiddels wel weer zonder problemen kunt inloggen.', 'modified': '2021-05-18T12:43:14Z'}"
2,2023-02-21 11:26:14,"Super app, die je stap voor stap door alle (voor leken niet alledaagse) stappen van verbinding en beheer leidt. Echt fijn!",4,False,Lubbermand,Eindelijk! Een gebruiksvriendelijke app!,"{'id': 35031109, 'body': 'Bedankt voor je mooie review en dat je de tijd hebt genomen hiervoor. Fijn dat onze app bevalt en je hiermee goed helpt.', 'modified': '2023-02-23T09:46:55Z'}"
3,2022-06-11 22:03:22,De knop ‚Äòvan start gaan‚Äô bij het optimaliseren van je WiFi doet het niet.. hierdoor kan ik geen pods installeren.. raar dat dit de enige manier is en het niet werkt,1,False,ü§Øüá±üáªü§Ø,Optimaliseren knop werkt niet,"{'id': 30345567, 'body': 'Dat is niet fijn! Werkt dit ook niet na een herinstallatie van de app en een reboot van je modem door dat apparaat voor 30 seconden stroomloos te zetten? Hopelijk hierna in orde en geen problemen meer met het installeren van de pods :-)', 'modified': '2022-06-14T07:47:48Z'}"
4,2022-06-11 20:55:05,"I‚Äôm forced to install this app to install Wi-Fi smart pods but it simply doesn‚Äôt work as illustrated in the manual. First, The scan phase fails. When I finally managed to go to apparatus option and press add, it says optimization of network shall be carried now. After this step I see a green check mark but hang on to this page because the start button at the bottom of this page simply doesn‚Äôt work and move forward. There‚Äôs absolutely no feedback.",1,False,my unique Nick name,Doesn‚Äôt work,"{'id': 30323583, 'body': ""We're sorry you're running into this issue with your pod installation. If you still have not resolved this, please contact our (online) helpdesk. My colleagues are happy to help you with this!"", 'modified': '2022-06-13T09:35:02Z'}"
5,2023-02-24 22:15:59,Ik zoek mij elke keer rot als de instellingen niet goed zijn,2,False,Ontevreden P,Instellingen,
6,2023-02-24 15:48:10,Te ingewikkeld,3,False,zelfsdit werkt niet,Snap er niets van,
7,2023-02-24 13:11:40,Na een uur proberen modem te installeren op ouderwetse manier gedaan buiten app om.,1,False,@Zimnl,Waardeloos,
8,2023-02-24 11:40:03,"Waardeloze app, niet inzichtelijk, en werkt niet goed bij testen.",1,False,Iljitsj,Slechte app,
9,2023-02-23 22:14:49,Moeilijk je wachtwoord te vinden,3,False,sabina 1987,Wachtwoord,
10,2023-02-23 14:16:52,üëçüèªüëçüèªüëçüèªüëçüèª,5,False,Clausam31,Ziggo,
11,2023-02-22 15:16:42,"Het is zo vaag gemaakt. Dat een leek er niet uit komt . Begint op kpn te lijken..,.",1,False,Gemiste kans 2,Beoordeling app.,"{'id': 35057720, 'body': ""Dat is zeker een gemiste kans, op welk vlak vind je het vaag? \nRaadpleeg desnoods mijn collega's van de Ziggo klantenservice voor meer ondersteuning. Kijk op www.ziggo.nl/contact voor alle mogelijkheden. "", 'modified': '2023-02-24T15:17:07Z'}"
12,2023-02-22 14:16:22,Slechte app. Traag met laden. Herkent apparaten niet. Sommige apparaten zijn bij mij in de app zichtbaar maar bij partner niet. Kan geen tijd inschakelen: Bv WiFi van dochter standaard 21 uur uit.,1,False,Milo63891,Slecht,"{'id': 35057707, 'body': 'Hallo Milo, bedankt voor je review. helaas kan het soms voorkomen dat je apparaten niet worden herkend. Het kan vaak helpen het modem even opnieuw te laten opstarten en het daarna weer te proberen.\n\nEdit 24-2: we snappen deze wens om een apparaat beperkingen te geven. Die functionaliteit staat op onze wensenlijst. Stabiliteit is voor nu belangrijk focuspunt.\n\n \n\nHet is ook mogelijk dat een anti-virusprogramma het blokkeert. Mocht je er niet uitkomen, neem dan contact op met onze (online) helpdesk.', 'modified': '2023-02-24T15:16:14Z'}"
13,2023-02-21 18:45:56,"De app werkt goed. Maar zodra je per ongeluk op het WiFispots item klikt moet je of dat accepteren, of de app opnieuw opstarten wat heeeel irritant is. Ze proberen je te forceren eraan mee te doen, en je kan er niet meer weg zodra je per ongeluk erop gedrukt hebt. Verder top",3,False,WatEenFoutNuJij,"Prima app, op 1 vrij vervelend punt na","{'id': 35031461, 'body': 'Bedankt voor je review. \n\nVia de wifispots kom je uit in een inlogscherm. We gaan bekijken hoe we dit proces in de toekomst kunnen aanpassen zodat je ook weer terug kunt gaan, zonder dat je de app geforceerd moet afsluiten\n', 'modified': '2023-02-23T10:07:57Z'}"
14,2023-02-20 15:48:44,Elke keer een stapje voorwaarts. Nu WiFi modem.,4,False,lemanmark,Smartwifi en app,"{'id': 35009742, 'body': 'Dankjewel voor je review, Mark! ', 'modified': '2023-02-22T09:23:15Z'}"
15,2023-02-17 18:40:11,Goed overzicht van de beschikbare informatie. Tijdelijk pauzeren ook niet verkeerd,5,False,Fred_St42,Goed overzicht van de beschikbare informatie,"{'id': 34968652, 'body': 'Bedankt voor je schitterende review, Fred. Fijn dat onze app bevalt en dat je de tijd hebt genomen om deze mooie woorden te typen. Dat wordt enorm gewaardeerd. ', 'modified': '2023-02-20T11:22:34Z'}"
16,2023-02-19 20:41:38,"app werkt niet, geeft geen connecties weer. Snelheidstest werkt niet, enz",1,False,Hans Latour,werkt niet,"{'id': 34990555, 'body': 'Hallo Hans, bedankt voor je review. Wat jammer dat jij tegen deze problemen aanloopt met onze app. Deze zou wel moeten werken. \n\nVaak helpt het om eenmalig je modem voor 60 seconden van de stroom te halen. Dit zorgt ervoor dat onze app ook opnieuw gesynchroniseerd wordt met je netwerk. \n\nErvaar je hierna nog steeds problemen? Neem dan contact op met onze (online) helpdesk via: www.Ziggo.nl/contact.', 'modified': '2023-02-21T11:52:51Z'}"
17,2023-02-19 15:21:12,"Internet loopt vast, app ook. Helpdesk geeft wisselende adviezen",1,False,wtillema,Alles loopt vast,"{'id': 34990525, 'body': 'Bedankt voor je review. Een wifi signaal is helaas geen plug-and-play signaal. Deze moet soms per klantsituatie aangepast en geoptimaliseerd worden. Dit signaal kan namelijk soms verschillen qua sterkte. Dat is helemaal afhankelijk van de apparaten die zijn verbonden, wat er gedaan wordt op de wifi en de omgevingsfactoren. Hierdoor is het mogelijk dat je op verschillende momenten andere resultaten krijgt te zien.\r\n\r\n\nOns internetsignaal komt via de kabel en je wifi-modem je huis binnen. Het modem verspreid het wifi-signaal, zodat je draadloos het internet op kunt. Hoe verder je van het modem af bent, hoe minder sterk het wifi-signaal. \n\n\r\n\r\n\r\nKijk maar eens op: https://www.ziggo.nl/klantenservice/internet-wifi/wifi-tips voor meer informatie. \r\n\r\nMocht je hierover aanvullende vragen hebben, dan zit onze helpdesk voor je klaar.', 'modified': '2023-02-21T11:50:25Z'}"
18,2023-02-16 18:51:39,"Snap er niks van, netwerk werkt na wifiscan niet goed meer. Bij apparaten staan ze alle 30 niet verbonden?‚Ä¶..",1,False,J-d-x,Onbegrijpelijk,"{'id': 34968634, 'body': 'Bedankt voor je review. Opmerkelijk dat je tegen dit probleem aanloopt. Wanneer je wat hebt gewijzigd in je netwerk, kan het soms helpen om je modem voor 60 seconden van de stroom te halen. Lost dit het probleem niet op? Neem dan contact op met onze (online) helpdesk via www.ziggo.nl/contact . Mijn collega`s van de helpdesk zitten elke dag voor je klaar om je hiermee te assisteren. ', 'modified': '2023-02-20T11:22:00Z'}"
19,2023-02-15 09:40:11,"Veel te omslachtig geen enkel apparaat werkt
Meer",1,False,florian neve,Zeer slecht,"{'id': 34929329, 'body': 'He Florian, werkt geen enkele apparaat meer en hulp nodig? Neem dan contact op met de Ziggo klantenservice. Kijk op www.ziggo.nl/contact voor alle mogelijkheden. Bijvoorbeeld de Mijn Ziggo app. ', 'modified': '2023-02-17T13:44:16Z'}"
20,2023-02-12 09:23:40,"Fijne app, opstarten mag wel sneller om apparaten te zien en Qr code gastnetwerk.",4,False,ikke de zwollenaar,Mag iets sneller worden,"{'id': 34861071, 'body': 'Bedankt voor je mooie review. Het klopt dat onze app wat tijd nodig heeft bij het opstarten. Elke keer wanneer jij onze app opstart, scant deze je wifi verbinding, de verbonden apparaten en de vrije ruimte op je apparaat. Dit neemt altijd even wat tijd in beslag. We zijn aan het onderzoeken of we deze opstarttijd kunnen verminderen. ', 'modified': '2023-02-14T12:04:11Z'}"
21,2023-02-14 23:22:15,Redelijke app,3,False,Kees123887,Redelijk,"{'id': 34929313, 'body': 'Dankjewel, Kees. We werken aan verbeteringen zodat de app vooral sneller informatie laadt, dit zul je merken in de komende updates. ', 'modified': '2023-02-17T13:43:18Z'}"
22,2023-02-14 14:28:59,Op de boven verdieping valt de WiFi steeds uit,3,False,Sharita S.,WiFi versterkers doen niet goed,"{'id': 34908768, 'body': 'Problemen met het internet zijn nooit fijn. Ik snap dat je niet tevreden bent wanneer dit niet optimaal werkt bij je. Een wifi signaal is helaas geen plug-and-play signaal. Deze moet soms per klantsituatie aangepast en geoptimaliseerd worden. Hier kun je onze app voor gebruiken.\n\nKom je er niet uit, of heb je hier hulp bij nodig? Neem dan contact met ons op via: https://www.ziggo.nl/contact . Dan helpen wij je graag met met het optimaliseren van je wifi. ', 'modified': '2023-02-16T14:12:34Z'}"
23,2023-02-14 14:17:16,Heel slecht werkt niet goed!,1,False,tguygjijgfsgtg,Slecht,"{'id': 34908607, 'body': 'Bedankt voor je review. Wat ontzettend jammer dat je problemen ervaart met onze SmartWifi app. Wij komen graag in contact met je om dit te onderzoeken en op te lossen. Je mag contact met ons opnemen via onze telefonische helpdesk of via onze online kanalen. Bekijk al onze contactmogelijkheden op: https://www.ziggo.nl/contact \n\nIk ga er vanuit dat je na dit contact meer plezier ervaart aan onze app! ', 'modified': '2023-02-16T14:01:04Z'}"
24,2023-02-12 14:29:56,Verbinding met de router gaat erg langzaam. Moet ook steeds opnieuw inloggen waardoor het lang duurt voordat ik er iets mee kan doen.,1,False,Ikke1975,Te langzaam,"{'id': 34861167, 'body': 'Bedankt voor je review. Jammer dat je nog geen plezier ervaart aan onze app. Onze app heeft wat tijd nodig bij het opstarten. Elke keer wanneer jij onze app opstart, scant deze je wifi verbinding, de verbonden apparaten en de vrije ruimte op je apparaat. We zijn aan het onderzoeken of we deze opstarttijd kunnen verminderen.', 'modified': '2023-02-14T12:07:15Z'}"
25,2023-02-12 09:25:59,Okay app,3,False,Robbert180,Robbert,"{'id': 34861075, 'body': 'Bedankt voor je mooie review. ', 'modified': '2023-02-14T12:04:21Z'}"
26,2023-02-08 21:24:06,"Vandaag nieuwe modem ontvangen.
Met enige moeite ge√Ønstalleerd en werkt nu goed.
Bereik is echter nog niet voldoende om washok (schuur) te bereiken.
Heb echter de toezegging dat ik terug kan naar mijn witte modem als de resultaten achterblijven.
Ondersteuning van ziggo was prima en duidelijk.",4,False,Testertje123,Nieuwe modem,"{'id': 34797534, 'body': 'Dankjewel voor je review, Testertje123. Bereik is een lastige, raadpleeg de Ziggo klantenservice voor ondersteuning. ', 'modified': '2023-02-10T14:31:44Z'}"
27,2023-02-11 19:30:11,Persoonlijke instellingen niet te wijzigen in de app helaas,1,False,CP090497,Werkt niet,"{'id': 34839041, 'body': 'Ha CP090497, welke persoonlijke instellingen ben je precies naar op zoek? Wie weet kunnen we er een aanpassing voor maken. ', 'modified': '2023-02-13T14:07:38Z'}"
28,2023-02-11 08:12:41,Blijft crashen en moet herinstalleren,2,False,Stuff&Co,Wonky app,"{'id': 34839012, 'body': 'Dat is niet lekker, Stuff& Co. Dit is ons niet bekend. Kun je me iets meer toelichten op welk stukje deze crasht? Herinstalleren zien we niet als een oplossing, wat gaat hierna wel weer? \nLaat daarbij ook weten op welke iPhone/iPad en versie iOS je dit hebt. We onderzoeken dit voor je. ', 'modified': '2023-02-13T14:06:51Z'}"
29,2023-02-10 11:53:53,üëç,5,False,Duijsteregast,üëç,"{'id': 34838952, 'body': 'Duimpje omhoog terug :-) ', 'modified': '2023-02-13T14:04:57Z'}"
30,2023-02-10 10:05:46,"‚ÄúOops, er is iets missgegaan, probeer het opnieuw.‚Äù En de servicedesk kan ook al niet helpen. Waardeloos.",1,False,Tubaljan,Instellen nieuwe wifinaam en wachtwoord geeft foutmelding,"{'id': 34838946, 'body': 'Hm, dat is gek inderdaad. Laat het weten via appsupport@vodafoneziggo.com met een kopie van je review + screenshot. We gaan dan samen na waarom deze invoer niet werkt. \n', 'modified': '2023-02-13T14:04:44Z'}"
31,2023-02-10 08:49:37,Werkt niet met ziggo Deco m4,1,False,BennieKonijn,Werkt niet,"{'id': 34838879, 'body': 'Ha Bennie, klopt helemaal. Deze app werkt alleen wanneer je de wifi van het modem gebruikt (met of zonder Smart wifipods) Gebruik de Deco app om jouw wifi te beheren. ', 'modified': '2023-02-13T14:03:05Z'}"
32,2023-02-09 11:21:50,"Kan de verzoeken om WiFi te testen niet uitvoeren geeft steeds een foutmelding, wachtwoord en inlog naam zijn wel juist snap er allemaal niets meer van",1,False,JohanV1947,Werkt niet zo als het moet,"{'id': 34838836, 'body': 'Dat is niet handig, Johan en goed dat je dit laat weten. \nErvaar je hetzelfde op een andere iPhone/iPad? Laat het weten via appsupport@vodafoneziggo.com met een kopie van je review + gebruikersnaam. ', 'modified': '2023-02-13T14:01:27Z'}"
33,2023-02-08 20:03:43,Blijft vragen voor beoordeling‚Ä¶.,3,False,Yorin the Movement,Feedback is schijnbaar belangrijk,"{'id': 34795738, 'body': 'Feedback is altijd belangrijk ;-) maar zo dwingend is wel een dingetje. We checken voor je hoe dit zit. ', 'modified': '2023-02-10T12:41:06Z'}"
34,2023-02-08 21:22:43,"Leuk ! Mooi vormgegeven app, en doet het prima volgens mij. Maar wat doet deze app nou ? Een snelheidstest, een kaartje met wifispots, apparaten en kamers instellen. Ik kan het allemaal, maar ik heb geen idee waarom ik dit zou willen. Ik wil niet ontevreden klinken, maareh ik denk dat ik gewoon oud wordt. üòÅ",2,False,Walty1234,Wat doet deze app ?,"{'id': 34797103, 'body': 'Ha Walty! Inzicht krijgen in je wifi, dat is voor velen noodzakelijk. Ook het eenvoudig instellen van Ziggo Wifispots, alles om gemak te brengen. In jouw geval voegt dat niets toe, niet alles hoeft nuttig te zijn :-) ', 'modified': '2023-02-10T14:13:14Z'}"
35,2023-02-07 16:36:26,Ik vind het nogal rommelig overkomen.,3,False,RichardGroningen,Niet heel overzichtelijk,"{'id': 34777740, 'body': 'Hallo Richard, bedankt voor je review. Wat jammer dat je onze app als rommelig ervaart. Wanneer je dit wilt toelichten, dan wordt dit gewaardeerd. ', 'modified': '2023-02-09T15:57:36Z'}"
36,2023-02-08 09:20:13,"Ik heb al decenia lang overzichten gemaakt in  tekstverwerkers, spreadsheet en database programma‚Äôs. Altijd een hoop werk om in alle apparaten te zoeken. NU NIET MEER! Totaal overbodig geworden. 
Snelheids problemen van je wifi netwerk zijn simpelen snel met een scan per kamer zijn snel gevonden. Echt een must voor je thuis netwerk.",5,False,Nico-1958,Te Gek goed,"{'id': 34777824, 'body': 'Hallo Nico, bedankt voor je mooie review. Fijn om te lezen dat je de tijd hebt genomen om deze review te typen. Dat wordt enorm gewaardeerd! \n', 'modified': '2023-02-09T16:01:39Z'}"
37,2023-02-07 19:23:51,Zie titel,1,False,Ikislief,Zeer traag en werkt niet goed,"{'id': 34777797, 'body': 'Bedankt voor je review. Wat jammer dat je onze app als traag ervaart. Het opstarten kan soms wat tijd kosten, omdat de app dan eerst een scan maakt van je wifi signaal. Aangezien het wifi signaal elke keer kan veranderen, qua waar je staat en welke apparaten zijn verbonden en die apparaten vragen ook elke keer wat anders qua datagrootte. \n\nWanneer je vragen hebt over de werking van onze app, neem dan gerust contact op met onze helpdesk. Bekijk al onze verschillende contactmogelijkheden op: https://www.ziggo.nl/contact', 'modified': '2023-02-09T16:00:15Z'}"
38,2023-02-07 11:39:50,Idem,5,False,Beo1000,Werkt prima,"{'id': 34777661, 'body': 'Bedankt voor je 5 sterren! ', 'modified': '2023-02-09T15:54:01Z'}"
39,2023-02-07 09:26:13,"Lijkt een prachtige App maar bij iedere keuze komt er de melding dat er iets is mis gegaan, opnieuw proberen, etcetera‚Ä¶.
Werkt dus gewoon niet, jammer.
Modem en WiFi werken overigens prima!",1,False,B.dijk,Alles gaat mis,"{'id': 34777657, 'body': 'Bedankt voor je review. Het lijkt er op dat er een conflict is tussen het onze app en je modem. Dit is gelukkig heel eenvoudig op te lossen door je modem voor 60 seconden van de stroom te halen. Ik verwacht dat je hierna zonder problemen gebruik kunt maken van onze app. \n\nKom je er niet uit of kun je wat hulp gebruiken? Neem dan gerust contact op met onze helpdesk. Bekijk al onze verschillende contactmogelijkheden op: https://www.ziggo.nl/contact\n\n', 'modified': '2023-02-09T15:53:50Z'}"
40,2023-02-04 12:29:02,Niks aan op te merken,4,False,hdj dj abekdjbs,Mooie app,"{'id': 34702790, 'body': 'Dankjewel voor je review :-) ', 'modified': '2023-02-06T13:13:02Z'}"
41,2023-02-07 01:54:59,Ik kan Soms de verbonden apparaten niet verwijderen en ik vind dat. Ik heel vaak slecht verbinding heeft met WiFi graag zou ik een nieuwe modem willen hebben want vaak geen verbinding!!,1,False,Dogannnnnnnnnnn,Slecht verbinding,"{'id': 34747858, 'body': 'Hallo Dogan, dat kunnen wij als appontwikkelaars van de SmartWifi app niet fiksen. Neem bij problemen met je internetverbinding contact op met de Ziggo klantenservice, bijvoorbeeld via de Mijn Ziggo app. \n\n', 'modified': '2023-02-08T11:14:29Z'}"
42,2023-02-06 19:32:18,Overall good application but it needs the English language selection for expats like us.,2,False,Burakalev123,English needed...,"{'id': 34747817, 'body': 'Thanks for your review, Burakalev. This is indeed a thing we have not implemented. Since this will not change soon, please use https://smartwifiweb.ziggo.nl/ and a translator on the page. This way you can still use all the functions and more. If you need any support, please contact the customer support for this. ', 'modified': '2023-02-08T11:12:06Z'}"
43,2023-02-05 10:59:26,"In het snel installatie document staat dat deze app onmisbaar is voor het installeren en beheren van je wifi netwerk. Wat een onzin. Je kan er vrij weinig mee. Je modem aanpassen, vergeet het maar. Beheren is dus niet echt mogelijk.",1,False,Da_Kem,Waardeloos voor wat er beweerd wordt.,"{'id': 34724045, 'body': 'Bedankt voor je review. Met onze app kunnen de meeste klanten instellingen aanpassen. Ben je wat technischer, dan bestaat de kans dat je op zoek bent naar een aantal instellingen die (nog) niet beschikbaar zijn in onze app. De ontwikkeling van onze app staat niet stil en het is de bedoeling dat we deze telkens verder uitbreiden. ', 'modified': '2023-02-07T11:31:55Z'}"
44,2023-02-03 08:36:25,Alles werkt goed. Het duurt alleen lang voordat ik alles kan zien maar dat is misschien logisch.,4,False,hansie 10,Niets te melden.,"{'id': 34702940, 'body': 'Bedankt voor je review, Hans. ', 'modified': '2023-02-06T13:19:25Z'}"
45,2023-02-04 11:34:23,Doet wat het moet doen,3,False,gytrfvvgy,Redelijk,"{'id': 34702805, 'body': 'Dat is een belangrijke functie :-) Fijn dat dit hulpmiddel jou goed helpt en dank voor je review. ', 'modified': '2023-02-06T13:13:33Z'}"
46,2023-02-03 21:41:44,"0 sterren. 
Belabberd. 
Elke x dat ik hem gebruik rondjes blijven draaien tot je duizelig bent. Pf.",1,False,lolzelfsnaamkiezeniseendrama,Brrr,"{'id': 34702858, 'body': 'Goed dat je dit laat weten, het laden van de informatie heeft tijd nodig. We werken aan verbeteringen in komende updates. Laad deze langer dan 1-2 minuten, herstart dan je modem zodat de verbinding met onze software oponieuw gelegd wordt. Ondersteuning nodig? Neem contact op met de Ziggo klantenservice: www.ziggo.nl/contact', 'modified': '2023-02-06T13:15:51Z'}"
47,2023-02-03 19:03:53,"Lekker snel geworden eerste versies waren traag.
Nu sneller inzicht in apparaten in netwerk ende zwakke schakel uit te zetten waardoor wifi sneller wordt. Prima app. Gebuik hem dagelijks",5,False,khnieuwhof,Top app,"{'id': 34702875, 'body': 'Dankjewel voor je review en fijn dat je verbetering ziet. We werken aan updates om deze informatie nog sneller beschikbaar te krijgen. ', 'modified': '2023-02-06T13:16:29Z'}"
48,2023-02-03 14:10:57,"Zeer trage app, zouden ze eens wat aan moeten doen bij ziggo",1,False,bagger!app,Ziggo,"{'id': 34702894, 'body': 'Traagheid is niet fijn en goed dat je dit laat weten. We zien verbetering ten opzichte van eerdere versies en werken aan sneller laden in komende updates. ', 'modified': '2023-02-06T13:17:24Z'}"
49,2023-02-03 12:25:28,"Dan kiezen jullie ervoor om klanten te voorzien van nieuwe routers. Netjes de app gedownload, maar krijg alleen maar foutmeldingen. Netwerknaam kan niet aangepast worden en wachtwoord ook niet.",1,False,Jesseesld,"Nieuwe router opgestuurd gekregen, maar kan naam niet wijzigen door appfout","{'id': 34702925, 'body': 'Hallo Jesse, dankjewel voor je feedback. Dit is inderdaad niet handig. Het nieuwe modem heeft verwerkingstijd noig naar onze software toe en daardoor lukt dit niet direct. Is het nog wel gelukt om je netwerknaam en wachtwoord aan te passen via de SmartWifi app? Test het dan nu nogmaals. ', 'modified': '2023-02-06T13:19:06Z'}"
50,2023-01-31 00:16:22,Nieuwe update nog afwachten,4,False,snoekie12,Test app,"{'id': 34614603, 'body': 'Helemaal goed, snoekie12!', 'modified': '2023-02-01T12:46:06Z'}"
51,2023-02-02 12:32:24,Hij doet het niet‚Ä¶ jammer Nog steeds niet üò©,1,False,derde poging om naam te kiezen,Leuk zo‚Äôn app moet hij wel werken,"{'id': 34702977, 'body': 'Dankjewel voor je review en zeker jammer dat dit niet werkte. Dit kwam door problemen aan onze kant, deze hebben we opgelost. Krijg je nu wel verbinding? Ik hoor graag je bevindingen over de app. \n\nEdit 13-9: we zijn een probleem op het spoor en hebben hier extra informatie voor nodig. Stuur daarom een mail met je klantnummer en de foutmelding naar appsupport@vodafoneziggo.com\n\nEdit 6-2: of je contact hebt gehad met ons kan ik niet nagaan. Test of het wel werkt na een herstart van je modem. Mocht je nog problemen ervaren mail ons dan op appsupport@vodafoneziggo.com. ', 'modified': '2023-02-06T13:21:12Z'}"
52,2023-02-01 17:33:22,Vaak geen connectie met het netwerk,2,False,Manodepaashaas,Geen connectie,"{'id': 34702989, 'body': 'Goed dat je dit aankaart, Manodepaashaas. We werken aan verbeteringen in de komende updates. ', 'modified': '2023-02-06T13:21:43Z'}"
53,2023-02-01 14:35:16,"Ik word regelmatig uitgelogd in de app. Moet dan elke keer opnieuw inloggen. Ook kan je de locaties niet herbenoemen of een bestaande ruimte toepassen op een SmartWifi pod. 
Laden duurt soms erg lang, en geeft regelmatig een error dat er iets fout is gegaan.

De app kan best wel wat aandacht gebruiken, als alles werkt dan zou het 5 sterren krijgen.",3,False,Choppergunnernl,Wordt telkens uitgelogd,"{'id': 34703004, 'body': 'Dankjewel voor je 3 ster review, Choppergunnernl. We werken aan verbeteringen om de app beter te laten werken en sneller te laten laden. Op naar de 5 sterren!', 'modified': '2023-02-06T13:22:34Z'}"
54,2023-02-01 11:01:24,Altijd hebben problemen‚Ä¶.,1,False,A. Emy A.,Werkt niet goed !,"{'id': 34703020, 'body': 'Wat gaat er precies mis, Emy? We zien namelijk geen storingen met de SmartWifi app op dit moment. ', 'modified': '2023-02-06T13:23:12Z'}"
55,2023-02-01 09:35:31,"Waar kan ik de netwerkinstellingen aanpassen? Ik krijg mijn warmtepomp, verwarmingsketel, zwembad en Solar panels niet gekoppeld. Terwijl het signaal wel meer dan 260Mb is‚Ä¶.",2,False,Ziggo modem,Netwerkinstellingen nieuwe modem?,"{'id': 34703053, 'body': 'Signaal dus helemaal op orde, dat is megabelangrijk. Neem voor ondersteuning op het het verbinden van je apparaten contact op met de Ziggo klantenservice. ', 'modified': '2023-02-06T13:24:38Z'}"
56,2023-01-31 18:40:57,Super handig en makkelijk,5,False,Coby Boyka,Heel handig,"{'id': 34634851, 'body': 'Fijn, Coby! Dankjewel voor je review. ', 'modified': '2023-02-02T11:07:52Z'}"
57,2023-01-31 07:36:48,"Wanneer ik personaliseer probeer op te slaan, verschijnt melding : Kan niet opgeslagen worden. Probeer opnieuw. Nog steeds niet, geen duidelijke melding. Contact opnemen lukt ook niet vanuit app",2,False,ggfduuuffuj,Onduidelijk,"{'id': 34635079, 'body': 'Dank voor je review. Ik doe mijn best te begrijpen waar je melding over gaat. Kan niet opgeslagen worden, waar loop je precies op vast? \n\nEdit 2-2: dankjewel voor de verduidelijking. Stuur een screenshot naar ons: appsupport@vodafoneziggo.com en we helpen je graag te kijken waar dit mis gaat. \n', 'modified': '2023-02-02T11:20:40Z'}"
58,2023-01-30 18:21:44,"Slecht menu, slechte logica van informatie",1,False,rbkman,Onoverzichtelijk,"{'id': 34614600, 'body': 'Dank voor de feedback, rbkman. We kijken hoe we dit beter kunnen inrichten. ', 'modified': '2023-02-01T12:45:55Z'}"
59,2023-01-30 16:41:12,Het blijft haperen en hangen wanneer je van gepauzeerde apparaten weer de verbinding wilt hervatten. Hetzelfde gebeurt bij modem opnieuw opstarten. Ik werd zomaar uitgelogd. De app maakt slechte verbinding met de modem en het loopt continu vast.,1,False,Gsbaldew,Loopt vast,"{'id': 34614593, 'body': 'Bedankt voor je review. Jammer dat je problemen ervaart met het pauzeren en heractiveren van de verbonden apparaten. \n\nHet heractiveren van de apparaten kan wat tijd kosten. Deze apparaten moeten weer toestemming ontvangen op ons netwerk. Is een apparaat voor langere tijd gepauzeerd, dan is het mogelijk dat jij je modem en het gepauzeerde apparaat opnieuw moet opstarten. \n\nWe zijn aan het onderzoeken hoe we dit kunnen verbeteren en versnellen.', 'modified': '2023-02-01T12:45:23Z'}"
60,2023-01-25 07:55:17,Applicatie werkt naar behoren. Enige verandering wenselijk is als je kijkt naar apparaat verbonden dat als je terug gaat je weer helemaal bovenin in het vorige scherm komt. Wenselijk is terug op vorige plek inscherp zodat je niet onwenselijk veel naar beneden moet scrollen.,3,False,Taad,Bij scrollen blijven waar je was,"{'id': 34523669, 'body': 'Dank voor de feedback, Taad! Die nemen we mee. ', 'modified': '2023-01-27T18:51:33Z'}"
61,2023-01-30 16:33:27,Makkelijke app,5,False,Lisa en Amy,üëç,"{'id': 34612385, 'body': 'Super, Lisa en Amy! ', 'modified': '2023-02-01T10:52:15Z'}"
62,2023-01-30 16:33:04,"Sinds ik het nieuwe modem heb werk de app slecht, tig keer opnieuw geinstalleerd , modem uir aan niks helpt",2,False,roy beek,Smart app instabiel,"{'id': 34612376, 'body': 'Dat is niet prettig, Roy. Opnieuw installeren is niet nodig, de software krijgt blijkbaar geen verbinding met je modem. We hebben dit in onderzoek. ', 'modified': '2023-02-01T10:52:02Z'}"
63,2023-01-29 13:51:28,SmartWifi app vindt modem niet! Na opnieuw opstarten modem werkt het ook niet. Na een harde reset werkt SmartWifi app wel maar niet lang dan weer hetzelfde probleem. Bij de connectbox ziggo werkte de app wel . Heb nu nieuwste modem ivm overstap naar giganet van ziggo en daar werkt de SmartWifi app dus niet mee!,1,False,Wijfij,Smart WiFi app werkt,"{'id': 34591791, 'body': 'Verwijder de app en haal het modem 30 seconden van de stroom, laat het modem helemaal opstarten en na 15 minuten de SmartWifi app weer installeren en inloggen.\n\nWerkt het nog steeds niet? Neem dan contact op met onze helpdesk via: https://www.ziggo.nl/contact', 'modified': '2023-01-31T13:29:21Z'}"
64,2023-01-29 10:52:47,Valt niet mee te werken,1,False,Adviseurtje,Slechtste app ooit,"{'id': 34591714, 'body': 'Bedankt voor je review. Wat ontzettend jammer dat onze SmartWifi app niet bevalt. Soms kan het voorkomen dat onze app je netwerk niet kan vinden na de installatie. Dit kun je gelukkig heel eenvoudig oplossen door je modem voor 60 seconden van de stroom te halen. Hierna zal onze app je netwerk wel kunnen vinden en kun je gebruik maken van alle mooie opties in onze app.\n\nKom je er niet uit? Of heb je aanvullende vragen? Neem dan gerust contact met ons op via onze (online) helpdesk: https://www.ziggo.nl/contact', 'modified': '2023-01-31T13:23:53Z'}"
65,2023-01-28 22:58:32,Top üîù,5,False,funktionen nicht.,Handig,"{'id': 34567534, 'body': 'Super! Dankjewel voor je review!', 'modified': '2023-01-30T15:11:15Z'}"
66,2023-01-28 17:44:55,Alle handige functies waren al beschikbaar op iphone.,1,False,JaspervanR,Traag en overbodig,"{'id': 34567529, 'body': 'He jammer, overbodig zijn is niet fijn. Welke functie ben je precies naar op zoek of heb je nodig? Traag is inderdaad iets waar we zelf ook niet blij mee zijn. Deze is in de laatste update een stuk beter geworden, in de komende updates komt hier meer verbetering in. \n\n', 'modified': '2023-01-30T15:11:04Z'}"
67,2023-01-28 10:47:45,"iOS alleen maar bugs na jaar lang proberen , kan router niet vinden niets te tonen wordt aangegeven dus werkt niet of niet correct, En als het werkt ? App voegt eigenlijk niets toe. Verbonden apparaten geeft hij niet, op 3 na. Nee hoor werkt weer niet, erg jammer allemaal. Nu laatste test 28 januari 2023, niets helemaal niks.",1,True,Kenwood59,Werkt totaal niet - nu verwijderd.,"{'id': 34225338, 'body': 'Jammer dat je in iOS 15.5 tegen bugs aanloopt. Kun jij mij ook vertellen wat er gebeurt? \n\nEdit 11-1: lastig, we werken aan een update om de SmartWifi app beter te laten werken. \nIk hoor graag hoe het bevalt over 2-3 weken. ', 'modified': '2023-01-28T10:47:46Z'}"
68,2023-01-28 08:10:06,"Sind ik een verplicht nieuw modem heb van Ziggo heb ik alleen maar problemen met de WiFi. 

Heb dit jarenlang gehad en het begint weer opnieuw, dan denk je met de app een hoop te kunnen, maar helaas, je kunt alleen maar de bevestiging zien dat je geen verbinding hebt üò°üëéüèº",1,False,Harleyrijder,Kan er helemaal niks mee,"{'id': 34567281, 'body': 'Hey Harleyrijder, bevestiging dat je geen verbinding hebt terwijl je dat al wist is niet praktisch. Krijg je melding dat de SmartWifi app geen verbinding krijgt met je modem? \nHerstart dan eens je modem. Niet gelukt? Neem dan contact op met de Ziggo klantenservice en we onderzoeken met je hoe we dit helemaal goed voor elkaar krijgen. ', 'modified': '2023-01-30T14:59:53Z'}"
69,2023-01-28 07:10:50,Niet alle apparaten worden getoond en als ze worden getoond lukt het niet de individuele apparaten te verbreken of te reconnecten.,1,False,19bj72,Traag en werkt niet,"{'id': 34567224, 'body': 'Dank voor je review en goed dat je dit laat weten. De traagheid van laden en niet alles zichtbaar zijn punten die we in de komende updates verbeteren. ', 'modified': '2023-01-30T14:58:19Z'}"
70,2023-01-27 09:02:43,De wiffi is niet stabiel en het is geen 1000 mbps,1,False,Klaas314,Wiffi snelheid  hij is niet stabiel,"{'id': 34567103, 'body': 'He Klaas, belangrijk dat je wifi goed werkt. Daar helpt deze SmartWifi app je bij deze inzichtelijk te maken en optimaal in te stellen. Neem voor meer ondersteuning contact op met de Ziggo klantenservice: www.ziggo.nl/contact ', 'modified': '2023-01-30T14:55:11Z'}"
71,2023-01-25 21:02:53,"Het is foute gegevens word zichtbaar , het is niet dat werklijk is aangesloten . Dus moet goed nagecheckt worden .",2,False,Jacques Amsterdam,Werkt niet goed,"{'id': 34523717, 'body': 'He Jacques, verkeerde info? Dat is niet handig. Begrijp ik goed dat je apparaten in je netwerk ziet die geheel niet aangesloten zijn op jouw wifi? Neem voor ondersteuning eens contact op de met Ziggo klantenservice om dit door te nemen. ', 'modified': '2023-01-27T18:54:48Z'}"
72,2023-01-25 08:18:29,"Beste netwerk? Nou, niet hier.",1,False,Hv2tydef,Matige kwaliteit,"{'id': 34523706, 'body': 'Hi HV2tydef, nog niet het beste netwerk? Daar helpt de SmartWIfi app je bij deze te analyseren en is ook een goede samenwerking met de Ziggo klantenservice. Meet bijvoorbeeld eens je modemsnelheid en test hierna de wifiverbindingen op verschillende plaatsen. Hulp nodig of snelheid nog niet op orde? Neem contact op de met de klantenservice en we helpen je!', 'modified': '2023-01-27T18:53:44Z'}"
73,2023-01-23 16:21:33,Makkelijk te installeren en prima in gebruik,5,False,45fram,Simpel en goed,"{'id': 34493444, 'body': 'Bedankt voor je mooie 5 sterren review! ', 'modified': '2023-01-26T09:53:28Z'}"
74,2023-01-23 20:07:56,"-Traag
-Werkt vaker niet dan wel.",1,False,Aanstaande oude,Verschrikkelijk traag,"{'id': 34523651, 'body': 'Hi Aanstaande oude(r?) Traag en niet werkend is niet fijn. We hebben met de laatste update de laadtijd flink weten te verminderen en snappen dat daar het wachten nog niet mee is opgehouden. We werken aan verbeteringen zodat de laadtijd in de komende updates nog lager wordt. \nOok na het laden problemen? \n\nErvaar je dat die geheel niet het modem kan vinden of is er iets anders dat niet werkt? \n\nFeedback is altijd welkom, we doen ons best om deze app jou een goede ondersteuning geeft op je wifinetwerk. \n\n\n', 'modified': '2023-01-27T18:50:28Z'}"
75,2023-01-23 11:14:30,"Vind dat er nog te weinig mogelijkheden zijn om dingen in te stellen via de app 
Waardoor je alsnog via ip moet inloggen direct op je modem 
Verder werkt de app prima 

Zou wel mooi zijn als ze de functies uitbreiden",2,False,Roaddog 010,Weinig mogelijkheden,"{'id': 34493433, 'body': 'Bedankt voor je mooie review. Deze app is zeker nog niet klaar met ontwikkelen. Fijn dat je de mogelijkheden ziet die de app nu heeft en in de toekomst gaat bieden. ', 'modified': '2023-01-26T09:53:17Z'}"
76,2023-01-22 21:27:09,"Volgens sartwifi zijn apparaten niet verbonden staan op pauze terwijl ze wel verbonden zijn, ik probeer op pauzeren uit te zetten dan krijg ik een fonksiyon ng al 3 dagen",2,False,Kevserdemirtuk,Apparaten niet kunnen verbinden of loskoppelen,"{'id': 34457083, 'body': 'Bedankt voor je review. Jammer dat je problemen ervaart met het pauzeren en heractiveren van de verbonden apparaten. Het heractiveren van de apparaten kan wat tijd kosten. Deze apparaten moeten weer toestemming ontvangen op ons netwerk. Is een apparaat voor langere tijd gepauzeerd, dan is het mogelijk dat jij je modem en het gepauzeerde apparaat opnieuw moet opstarten door je modem voor 60 seconden van de stroom te halen. We zijn aan het onderzoeken hoe we dit kunnen verbeteren en versnellen.', 'modified': '2023-01-24T12:43:39Z'}"
77,2023-01-23 09:53:11,Veel werkt niet en is onoverzichtelijk,1,False,Eddyvh93slash,Smartwifiapp,"{'id': 34478997, 'body': 'Bedankt voor je review, Eddy. Jammer dat je onze app met maar 1 ster waardeert omdat je hier problemen mee ervaart. Onze app zou prima moeten werken. Wanneer je deze voor de eerste keer gebruikt, of in een nieuwe opstelling, dan kan de app wat moeite hebben met je nieuwe netwerk te vinden. Haal in zulke situaties je modem voor 60 seconden van de stroom. Hierna maakt onze app opnieuw verbinding met je netwerk en moet deze stabiel werken.\n\nHeb je vragen over de werking van onze app of loop je tegen een ander probleem aan? Neem dan contact op met onze (online) helpdesk via: https://www.ziggo.nl/contact', 'modified': '2023-01-25T13:37:46Z'}"
78,2023-01-22 10:12:38,"Wifinin ons huis werkt slecht, geprobeerd om via de. Smart WiFi app dit op te lossen. Helaas werkt de app erg slecht en kan ik geen checks uitvoeren.",1,False,willempoe,Swart WiFi app werkt niet,"{'id': 34457062, 'body': 'Hallo Willem, bedankt voor je review. Wat fijn dat je onze app gebruikt om je wifi te optimaliseren. Soms kan het voorkomen dat jij je modem voor 60 seconden van de stroom moet halen voordat onze app contact maakt met je modem en de verbonden apparaten. Hierna zal onze app prima werken in je netwerk voor een wifi scan.\n\n\r\n\r\nKom je er niet uit of heb je hierover vragen? Blijf er dan niet mee zitten en neem contact op met onze (online) helpdesk via:  https://www.ziggo.nl/contact\r\n\n', 'modified': '2023-01-24T12:42:54Z'}"
79,2023-01-15 09:00:50,Na jaren de Technicolor en de Connectbox zonder problemen te hebben gebruikt. Afgelopen week moeten overstappen op het zwarte smart WiFi modem. Het installeren ging in een handomdraai. De verbinding van het nieuwe modem is helaas onbetrouwbaar. De verbinding is aanzienlijk langzamer tijdens de snelheidstests en daarnaast valt de verbinding meerdere malen per dag uit en aan. Streams lopen hierdoor niet meer vlekkeloos.,1,False,Recente ervaring,Onbetrouwbaar netwerk,"{'id': 34311530, 'body': 'Hm, dat is niet prettig als je dit met andere modems altijd goed hebt gehad. \nCheck de modemverbinding eens in deze SmartWifi app en test ook de wifisnelheden. De Ziggo klantenservice staat klaar voor je om deze resultaten door te nemen en te verbeteren. ', 'modified': '2023-01-16T12:28:08Z'}"
80,2023-01-07 14:40:43,"1. Als je alle ruimtes hebt gescand en dan wil je nogmaals per ruimte scan uitvoeren wordt je gevraagd om de naam voor de ruimte te kiezen. Deze namen zijn al bekend, het zou fijn zijn om de scan resultaten te kunnen opslaan onder de eerder geconfigureerde ruimte namen.

2. Als je stroom onderbreking hebt gehad dan is het een hele klus om al die setup met die pods terug werkend te krijgen‚Ä¶ (zie Ziggo community: pods uit de stopcontacten, modem stekker uit, pods in de stopcontacten, modem stekker in, direct modem reset, dan wachten‚Ä¶). Het zou fijn zijn als dit (herstel van de laatste verbinding configuratie) automatisch ging na stroom onderbreking.",4,False,Ania102938,"Op zich OK app, met 2 verbetering puntjes","{'id': 34174578, 'body': 'Bedankt dat je de tijd hebt genomen om deze uitgebreide review te schrijven. Bedankt voor je mooie suggestie om de locatie toe te voegen in eerdere scan resultaten. Zo kun je inderdaad eenvoudig de verschillen per locatie bekijken. We nemen deze mee in ons overleg en gaan kijken of we dit in de toekomst kunnen toevoegen in onze app. \n\nWanneer je al deze stappen moet ondernemen na een stroomonderbreking snap ik dat je liever wat minder handelingen wilt uitvoeren. Dat is logisch. We hopen in de toekomst deze stappen te kunnen verminderen. ', 'modified': '2023-01-09T12:17:44Z'}"
81,2023-01-09 15:55:34,Ideale app om je WiFi in te stellen en te beheren.,5,False,Waaardeloos,Top app van geweldig bedrijf.,"{'id': 34225296, 'body': 'Dankjewel voor je review! Fijn dat je onze app met 5 sterren beoordeelt.', 'modified': '2023-01-11T12:19:52Z'}"
82,2023-01-06 07:48:49,"Niet enthousiast over de app, want deze herkent de eigen Ziggo merk boosters niet. (Na herhaaldelijk alles te resetten nog steeds geen herkenning terwijl de boosters functioneren)
Met extra controle of ik de test wel uitvoer op hetzelfde netwerk, blijft het probleem bestaan.
De huidige oude type boosters worden na contact te hebben gehad met Ziggo klantenservice vervangen. Update van deze recensie zal ik na boosters vervanging zsm geven.",2,False,Gnissek,Herkent eigen Ziggo boosters niet,"{'id': 34225355, 'body': 'Bedankt voor je review. Jammer dat je tegen dit probleem aanloopt met onze app. Zorg er wel voor dat je verbonden bent met je eigen (modem) verbinding voor de optimale werking van onze app. Als je verbonden bent met een ander (extern) netwerk, zal onze app geen goed resultaat kunnen weergeven. Wanneer je hierover vragen hebt, of hulp kunt gebruiken, neem dan contact op met onze (online) helpdesk via: https://www.ziggo.nl/contact\nEdit: super!', 'modified': '2023-01-11T12:22:01Z'}"
83,2022-12-22 18:33:03,Het pauzeren van andere gebruikers lukt aardig. Je moet wel geduld hebben‚Ä¶.. Maar om deze dan weer van pauze te halen wilt niet altijd lukken. Kan ik weer het modem resetten. Dat lijkt mij niet de bedoeling.,2,False,Ikelara,Kan gebruiker pauzeren maar,"{'id': 34382660, 'body': 'Bedankt voor je review. Het is inderdaad vreemd dat jij eerst je modem moet resetten om deze pauzering op te heffen. Dat moet inderdaad veel makkelijker kunnen. We zijn ervan op de hoogte dat dit bij sommige klanten niet optimaal werkt. Daar wordt aan gewerkt. Zorg er sowieso voor dat je de pauzering opzegt op hetzelfde apparaat waarmee je de pauze hebt geactiveerd. \n\nEdit 19-1: de update is beschikbaar. Ik hoor graag je ervaring!\n\n\n', 'modified': '2023-01-19T14:34:19Z'}"
84,2023-01-03 07:27:49,Krijg de hele tijd bovenstaande melding. Maar modem doet het prima. Heb modem opnieuw opgestart en dan zie ik 1 sessie de wifipods en modem. Sessie erna weer dezelfde melding.,1,False,zndndjdkslsksksjs,We kunnen je modem niet detecteren,"{'id': 34382639, 'body': 'Goed dat je dit laat weten, dat is inderdaad niet een pretje om telkens maar je modem te moeten herstarten om dit te kunnen bedienen. We hebben een update klaarstaan die dit fikst en is in de laatste fase van testen. Daarmee gaat het zeker weten beter, dus nog eventjes geduld. \n\nEdit: de update is beschikbaar. Ik hoor graag je ervaring!', 'modified': '2023-01-19T14:33:16Z'}"
85,2023-01-02 22:25:19,The app does not have a feature to change tve language to english. Not expats friendly.,1,False,yftfttytytr,Not expats friendly.,"{'id': 34088118, 'body': 'Thanks for reviewing our app, I understand your need for English in our app. We are looking into fixing this. ', 'modified': '2023-01-04T12:10:24Z'}"
86,2022-12-29 12:47:43,Veel draaiende radertjes maar internet is gewoon goed.,1,False,Tilburg1!,Draaiende radertjes,"{'id': 34382652, 'body': 'Edit 19-1: de update is beschikbaar. Ik hoor graag je ervaring!\n\nDank voor je review, het laden van de SmartWifi app is inderdaad niet optimaal. Er wordt gewerkt aan een update die dit sneller maakt. \n\n', 'modified': '2023-01-19T14:33:52Z'}"
87,2022-12-10 09:17:54,"Van de 2 smartpods kan de app niet de snelheid van uitlezen. 
Je weinig met de app. Er zijn betere, die een WiFi scan kunnen doen.",2,False,Willem Tel,Weinig toegevoegde waarde.,"{'id': 33673800, 'body': 'Hallo Willem, bedankt voor je review op onze SmartWifi app. Wat jammer dat je hiermee problemen ervaart. Soms kan het voorkomen dat onze app geen verbinding maakt met je thuisnetwerk. Dit is gelukkig heel eenvoudig op te lossen door je modem voor 60 seconden van de stroom te halen. \n\nMocht je hierover aanvullende vragen hebben, zitten mijn collega`s van onze (online) helpdesk voor je klaar. Bekijk al onze contactmomenten op: https://www.ziggo.nl/contact', 'modified': '2022-12-12T11:26:24Z'}"
88,2022-12-16 09:30:15,"Zojuist ziggo aangesloten, alles werkt. Behalve deze app. Ik log in, verificatie code en al, vervolgens een melding dat ik n abonnement  moet hebben ?? Werkt de app alleen op een kabelaansluiting ofzo (want ik heb n ouderwetse met coaxkabel) zo ja, dat zou toch wel erg jammer en nogal raar, waarom onderscheid?",1,False,Wilby Flower,Breedband abonnement??,"{'id': 33994390, 'body': 'Hey Wilby, zo te lezen aan de melding stond je internetabonnement nog niet actief op jouw Mijn Ziggo account. Dat is niet handig, we werken aan verbetering om dit sneller beschikbaar te krijgen. Heb je Smart Wifipods ontvangen bij je abonnement, dan zijn die al direct gekoppeld, alleen dus nog in het stopcontact steken nodig. \nWerkt de SmartWifi app nu wel? Dan kun je de verbinding checken met een thuisscan. \n\nEdit 29-12: is het nog gelukt met de app? Ik zie je reactie graag tegemoet. \n', 'modified': '2022-12-29T12:34:16Z'}"
89,2022-12-12 10:31:01,Dankzij de nieuwe modem va ziggo,1,False,geklxxt,Alles weer ontregeld,"{'id': 33719845, 'body': 'Dankjewel voor je review. Zo zie je dat de SmartWifi app ontzettend afhankelijk is van wijzigingen met apparaten, we werken aan verbeteringen om die soepeler te laten verlopen met de SmartWifi app. \nLaat met 1-2 dagen weten hoe het dan bevalt, dan moet je nieuwe modem ingeladen zijn. ', 'modified': '2022-12-14T09:55:31Z'}"
90,2022-12-11 09:06:00,"Ongelofelijk traag inladen van het netwerk‚Ä¶ niet van deze tijd. Ik heb alle nieuwe apparatuur van Ziggo en werkt super maar deze app niet.

Als hij eenmaal gestart is kun je stellen dat hij handig is.",1,False,Smalbilly,Heel traag met laden,"{'id': 34382668, 'body': 'Hey Smalbilly, dank voor review en feedback. We werken aan een flinke verbetering in laadtijd, de huidige is inderdaad niet fijn. Goed te lezen dat je je ervaring niet alleen op het laden stoelt, dank!\n\nEdit 19-1: de update is beschikbaar. Ik hoor graag je ervaring!\n', 'modified': '2023-01-19T14:35:02Z'}"
91,2022-12-03 10:35:34,Should be also an English version,2,False,Toyof24,English version,"{'id': 33532846, 'body': 'Thank you for your review.\n\n\r\n\r\nIt`s certainly our wish to also make an English version available in the future. At this moment it is not yet known if and when we will have an English version available. Hopefully you will like our Dutch version as well.', 'modified': '2022-12-05T08:28:26Z'}"
92,2022-12-06 20:01:51,Werkt weer eens niet.,1,False,Malki2222,Altijd gedoe,"{'id': 33608094, 'body': 'Hallo Malki, bedankt voor je review op onze SmartWifi app. Wat jammer dat je hiermee problemen ervaart. Hier moet je niet mee blijven zitten. Mijn collega`s van onze helpdesk zitten elke dag voor je klaar om je te helpen. Bekijk al onze contactmomenten op: https://www.ziggo.nl/contact', 'modified': '2022-12-08T10:21:00Z'}"
93,2022-11-22 20:07:59,Waardeloos,2,False,pinkliver 1,Waardeloos,"{'id': 33346604, 'body': 'Bedankt voor je review. Voor de ontwikkeling van apps is feedback altijd erg belangrijk, helaas kunnen we uit deze review geen verbeterpunten opmaken. Wanneer je een omschrijving geeft van wat er waardeloos is, kunnen we ermee aan de slag.', 'modified': '2022-11-24T11:08:01Z'}"
94,2022-11-19 16:00:30,It‚Äôs in Dutch. Surely it‚Äôs not that difficult to add English translation to an app,1,False,mihrrtg,Meh,"{'id': 33280057, 'body': 'Thank for your review, I understand your need for a translated app. We will investigate the possibilities. ', 'modified': '2022-11-21T12:39:28Z'}"
95,2022-11-09 16:18:01,Werkt dus niet! Nieuw smartmodem ge√Ønstalleerd. Geen enkel apparaat verbindt met het nieuwe modem ondanks dat ik m‚Äôn netwerknaam en wachtwoord had veranderd in m‚Äôn oude gegevens. Direct het oude modem weer teruggeplaatst. Baggerslecht!,1,False,Jan Doedel78,Al m‚Äôn apparaten zonder WiFi,"{'id': 33105735, 'body': 'Hallo Jan Doedel, bedankt voor je review. \n\nSoms kan het even duren voordat je nieuwe smartmodem volledig gekoppeld is met onze Smart Wifi app. Hierdoor is het mogelijk dat je kort na het installeren nog de oude gegevens ziet staan. \n\nJe oude modem wordt sowieso gedeactiveerd. Ik raad je aan om contact op te nemen met onze (online) helpdesk. Mijn collega`s zitten elke dag (ook in de weekenden) klaar voor je om je te helpen met de installatie van je nieuwe modem. ', 'modified': '2022-11-11T09:56:01Z'}"
96,2022-11-01 09:04:56,"Werkte in het begin redelijk, wel erg langzaam, maar de oorzaak hiervoor ligt waarschijnlijk aan de beperkte hardware specs van het modem.

Tegenwoordig lukt het echter niet meer om in te loggen en de netwerk-/device gegevens op te halen. Hopelijk komt er weer een stabiele versie van de app (en een betere versie van het modem).",1,False,Jochen007,Werkt niet of ‚Ä¶ langzaam,"{'id': 32956666, 'body': 'Hey Jochen007, wat lastig dat je hier niet meer gebruik van maken kan. De specs van het modem staan los van de SmartWifi software. Wat voor melding krijg je bij het inloggen? ', 'modified': '2022-11-03T15:49:01Z'}"
97,2022-10-29 20:04:52,Server error bij ziggo‚òπÔ∏è,1,False,vj.p.@r,Werkt niet,"{'id': 32881551, 'body': 'Dat is niet handig, jammer dat de SmartWifi app niet succesvol verbinding krijgt ons. Een herstart van je modem lost vaak dit op. Herstart hierna de app. ', 'modified': '2022-10-31T10:39:08Z'}"
98,2022-10-20 18:11:10,Opeens hebben diverse apparaten geen wifi meer en zijn in de app ook niet meer tezien,1,False,AnneMdGS,Niks werkt er meer,"{'id': 32750274, 'body': 'Dat is niet zo mooi, AnneMdGS. Als ze het ineens niet meer doen, dan is er iets anders aan de hand of een aanpassing gedaan aan instellingen zoals pauzeren. Jammer dat de SmartWifi app je hierin niet ondersteunde. Neem voor ondersteuning contact op met de Ziggo klantenservice. Probleem opgelost? Laat het dan ook weten. ', 'modified': '2022-10-24T11:33:16Z'}"
99,2022-10-19 17:59:29,Heel slecht en werkt niet. App loopt vast.,1,False,tomertbd,Heel slecht,"{'id': 32704413, 'body': 'Bedankt voor je review. Jammer dat je dit probleem ervaart met onze app. Kan het zijn dat dit ontstaat zodra je de app voor een 2e keer opstart? \n\nWanneer jij net een nieuwe klant bent of een nieuw abonnement hebt ge√Ønstalleerd, dan is het mogelijk dat onze app niet gelijk werkt. Dat kan maximaal 24 uur duren. \n\nControleer eens of je dit probleem ook ervaart op een ander apparaat. Blijf je problemen houden, neem dan contact op met onze (online) helpdesk. \n', 'modified': '2022-10-21T07:42:00Z'}"
100,2022-10-03 08:46:02,"Het lijkt heel leuk, verbeteren van je WiFi, maar enige optie is herstart van modem en dan heb je weer zelfde snelheid.",3,False,OpaAlkmaar,Valse hoop,"{'id': 32402587, 'body': 'Dankjewel voor je review over de SmartWifi app. Zo te zien heb je 1 van de functies gevonden waardoor je je modem niet zelf hoeft te herstarten. \nDe andere functies zoals je thuisscan van je wifi, gastnetwerk beheren, wifispots instellen zijn enkele voorbeelden waarbij de app je helpt om inzichtelijk en overzicht te geven. ', 'modified': '2022-10-05T10:34:14Z'}"
101,2022-10-18 18:40:23,Als we inloggen maakt niet uit op welk apparaat krijgen we de melding surferfout hierbij is de app dus niet bruikbaar. Dit is meerdere malen geprobeerd maar blijft dit aangeven.,1,False,sbenzs,Serverfout,"{'id': 32689411, 'body': 'Dank voor je review en goed dat je dit meldt. Dat is niet handig dat je deze niet gebruiken kan en je al zoveel getest hebt. We werken aan verbetering aan de verbinding met je modem en de SmartWifi app. We zien namelijk dat klanten eerst een herstart van een modem moeten doen voordat deze te bereiken is. Lukt dat bij jou ook? Ik hoor het graag. ', 'modified': '2022-10-20T12:01:29Z'}"
102,2022-10-17 18:18:36,"Helaas 
Dit werkt niet.",1,False,Simon Z Workum,Teleurstellend,"{'id': 32670610, 'body': 'Dan moet het anders! Wat werkt er precies niet? Laat het me weten zodat ik je kan helpen. ', 'modified': '2022-10-19T13:59:07Z'}"
103,2022-10-06 19:29:24,"Enige melding die ik krijg is dat ik moet verbinden met thuisnetwerk, terwijl dit al het geval is",1,False,ProfHilly,App werkt niet,"{'id': 32484438, 'body': 'Gek, die melding is niet logisch. De SmartWifi app heeft deze namelijk niet nodig en werkt ook op 4G/5G. Op welk moment kreeg je deze melding? ', 'modified': '2022-10-10T12:47:38Z'}"
104,2022-10-06 17:36:29,App zegt bij installeren dat wifispot reeds in gebruik isüò≠willemrentenaar,1,False,willemrentenaar,Werkt niet,"{'id': 32484419, 'body': 'He lastig dat ditniet lukte, Willem. Neem voor ondersteuning met instellen contact op met de Ziggo klantenservice. \nNatuurlijk is de SmartWifi app meer dan alleen de wifispots. Hoe bevalt de rest van de app? Feedback is altijd welkom. ', 'modified': '2022-10-10T12:46:37Z'}"
105,2022-10-06 15:49:26,Kan niet meer inloggen.. daarvoor traag.. matig allemaal,1,False,NLDaan,Werkt niet,"{'id': 32484373, 'body': 'He Daan, inloggen dat al niet gaat is niet handig. Neem voor ondersteuning met inloggen contact op met de Ziggo klantenservice. We werken aan verbetering voor de Smartwifi app zodat jouw ervaring over snelheid van de app beter wordt!', 'modified': '2022-10-10T12:44:56Z'}"
106,2022-09-20 05:27:30,"Wat een handige app zou moeten zijn resulteert in diverse min punten die maar niet opgelost worden.

Weer een update en weer diverse smartlife apparaten niet herkenbaar terwijl alle mac adressen kenbaar zijn gemaakt. 

Telkens maar op nieuw scrollen door je apparaten lijst, deze begint iedere keer vooraan. 

Nog seeds geen ipad landscape.

Slechte verbindingen met de modem.

Wifi pods die maar ekele verbindingen lTen zien terwijl meer apparaten aangekoppeld zijn.

Bekabelde apparaten worden als niet aangesloten weer gegeven op het ene moment en wel op het andere moment.

Kortom Ziggo, veel werk aan de winkel dus doe er eens wat aan, dit lijkt zo langzamerhand een blijvend debacle te zijn.

En voor jullie komen met reset de modem, dit heb ik al diverse keren gedaan zonder resultaat. De app heeft gewoon veel bugs die niet opgelost worden.",3,False,Civelizedman,Nog steeds niet oke,"{'id': 32168911, 'body': 'Bedankt voor je uitgebreide review. We doen ons best om de app te verbeteren zodat je een duidelijker beeld krijgt van je netwerk thuis en de apparaten die verbonden zijn. ', 'modified': '2022-09-22T10:09:27Z'}"
107,2022-09-20 05:44:08,"De app blijft 90% van de tijd hangen bij het zoeken van de apparaten in het netwerk. Of wanneer ik een apparaat wil pauzeren. Na verloop van tijd ontvang ik een foutmelding.
Ik zou er bovendien graag een functie op hebben om elke dag op hetzelfde tijdstip een apparaat van het netwerk te kunnen halen, zodat ik het kan gebruiken voor de kinderen.",2,False,Mikster231,Blijft hangen,"{'id': 32168942, 'body': 'Check, check, dubbel check! Bedankt voor je idee√´n en feedback. We gaan ermee aan de slag. ', 'modified': '2022-09-22T10:11:03Z'}"
108,2022-08-28 22:37:34,"Aub ip4 adres naast ip6 toevoegen dan vind ik de devices nog makkelijker dan idiote ip6 adres

Bijna vergeten‚Ä¶. Dit is verdomd belangrijk‚Ä¶ Zorg ervoor dat Ziggo SmartWifi app ook met modem moet samenwerken zodat device namen precies hetzelfde zijn. Bijvoorbeeld, naam iPad Arno in app ingevoerd en dat naam moet ook in modem automatisch ingevoerd worden! Of omgekeerd.

Ik had per ongeluk 2 devices hetzelfde naam in app ingevoerd, nu kan ik beide namen niet verwijderen en of resetten‚Ä¶  Dat komt door het gebrek van weergave ip4 adres en ik had helaas verkeerde device een nieuwe naam gegeven.",3,False,Dark Angel X2,ip4 adres,"{'id': 31763009, 'body': ""Bedankt voor je feedback! Nemen we zeer zeker mee. Kom je er tot op heden nog niet uit, check dan eens bij mijn collega's van de klantenservice of ze hulp kunnen bieden! "", 'modified': '2022-08-31T09:50:15Z'}"
109,2022-09-11 17:05:23,App werk t niet optimaal,2,False,InterglotAL,App werk niet goed,"{'id': 31988928, 'body': 'Jammer om te lezen dat je issues hebt met de app. Waar loop je precies tegenaan? Zorg in ieder geval voor de laatste versie van zowel de app als iOS voor de beste werking! ', 'modified': '2022-09-13T08:29:49Z'}"
110,2022-08-22 15:08:30,Nieuwe app update ge√Ønstalleerd. Maar hij zegt dat hij de modem niet kan vinden. Voor die tijd geen probleem en niets aan veranderd nu wel een probleem. App niet in orde volgens mij. ü•≤ü•≤ Heb het geprobeerd 30 sec stroom van modem. Werkt nog steeds niet.,2,True,Vandeel,Update geen succes,"{'id': 26797977, 'body': 'Hm, bijzonder! Zet je modem eens stroomloos voor 30 seconden en start de app dan opnieuw op. Lukt het dan wel weer om het modem te vinden? Edit: Helaas. Je ervaart dit probleem sinds de laatste update? Heb je je toestel voor alle zekerheid ook al eens een herstart gegeven?', 'modified': '2022-08-22T15:08:31Z'}"
111,2022-08-28 12:56:34,"Deze app heeft toegevoegde waarde aangezien het niet mijn probleem oplost en verder geen enkele functionaliteit voor de klant biedt.
Enige wat de app doet is data opvragen.",1,False,Klant 1234,Zinloze app,"{'id': 31762987, 'body': 'Jammer dat de app jouw niet helpt in het verbeteren van je internet verbinding thuis. Loop je hierdoor nog altijd tegen problemen aan, neem dan contact op met de klantenservice.', 'modified': '2022-08-31T09:49:20Z'}"
112,2022-08-23 16:42:44,"Was een redelijke app, maar na de laatste update werkt 'ie niet meer. Kijk uren naar dansende bolletjes. De Mijn Ziggo app werkt ook al maanden niet meer. Jammer Ziggo.

De oplossing van Ziggo, modem resetten en dus alle instellingen kwijt.",1,True,HtnBbh,Weer een Ziggo app die niet meer werkt,"{'id': 31617700, 'body': 'Dansende bolletjes zijn soms wel leuk om naar te kijken, maar daar wil je niet te lang naar kijken. Dit kun je gelukkig heel eenvoudig op te lossen, door je modem te resetten. Daarna zal de app opnieuw contact maken met je modem. \n\n\n', 'modified': '2022-08-23T16:42:44Z'}"
113,2022-07-23 14:31:26,"Waardeloze rommel, slecht mesh netwerk, pod verwijderen en opnieuw installeren hopeloos. Extra router als accespoint werkte stukken beter!",2,False,TilboRC,Wifi pods,"{'id': 31075778, 'body': ""Jammer dat je zulke slechte ervaringen hebt met onze app! Mocht je nog altijd tegen problemen aanlopen neem dan eens contact op met de klantenservice. Mijn collega's daar kunnen je alles vertellen over het gebruik en de werking van de app en de pods."", 'modified': '2022-07-25T10:27:09Z'}"
114,2022-08-21 19:19:01,"Traag internet pods werken ineens niet.
Allerlei tips op internet en dit ziggo gevolgd te vergeefs.
Wordt er een beetje beroerd van.",1,False,DewivandeL,Werkt niet,"{'id': 31617735, 'body': 'Bedankt voor je review. Dit kun je gelukkig heel eenvoudig op te lossen, door je modem te resetten. Daarna zal de app opnieuw contact maken met je modem. Mocht dit niet de oplossing zijn, neem dan contact op met onze (online) helpdesk. ', 'modified': '2022-08-23T10:50:53Z'}"
115,2022-08-19 20:05:34,Oeps! Er is iets misgegaan. Er is iets misgegaan. Probeer het later opnieuw. Dit krijgen we constant te zien. Misschien kan het worden opgelost?,1,False,Mobile by kpn,Vreemd,"{'id': 31592922, 'body': 'Bedankt voor je review, \n\nWe zien dit vaker voorkomen als er een mogelijk conflict is tussen het gast wifinetwerk en de thuisscan. De thuisscan herkent dan niet dat de iphone op het eigen netwerk zit. Controleer eens met welk netwerk je verbonden bent. \n\nWanneer je hierover aanvullende vragen hebt, neem dan contact op met onze (online) helpdesk of onze Community. ', 'modified': '2022-08-22T10:07:31Z'}"
116,2022-08-19 16:09:54,Het word aangeraden om deze app te gebruiken ipv de webbrowser maar je kan geen klap veranderen of instellen op de router/modem met deze app. Wat is dan het nut om deze app te downloaden? Is gewoon zonde van mijn opslag ruimte op de telefoon,1,False,Broekie888,Waardeloze app,"{'id': 31592438, 'body': 'Hallo Broekie, \n\nHet is inderdaad op dit moment nog niet mogelijk om veel instellingen aan te passen in ons modem. Veel instellingen zijn bewust uitgezet om te voorkomen dat klanten per ongeluk instellingen verkeerd aanpassen en daardoor niet meer online komen. We kijken uiteraard of we in de toekomst meer opties en mogelijkheden kunnen toevoegen. ', 'modified': '2022-08-22T09:55:36Z'}"
117,2022-08-19 14:17:06,"Deze app werkt totaal niet in samenwerking met VoiceOver, de schermlezer op de iPhone. Ik heb nog nooit een app gezien die zo ontoegankelijk is en sinds de update van vandaag (19-08-2022) is het nog slechter geworden. Elementen worden niet uitgesproken. Ik heb dit ook al via de Ziggo community aangegeven. Ik snap best dat ontwikkeling hiervan veel tijd vergt, maar ik zou graag verbetering zien. Zelf ben ik volledig blind en het zou fijn zijn als ik de app kan gebruiken als ieder ander.",1,False,Marcokos1980,Deze appis totaal onbruikbaar icm VoiceOver,
118,2022-08-19 09:52:24,"Vandaag een nieuwe update dat de scan verbeterd zou zijn. Update ge√Ønstalleerd en het werkt nog steeds , vindt trouwens dat de app niet erg stabiel, ook met het installeren van de Ziggo pods ging niet vlekkeloos",1,False,dezeveelste,Scan,"{'id': 31592384, 'body': 'Bedankt voor je review. \n\nHet kan voorkomen dat de app bij de installatie er wat langer over doet om de pods te vinden. In de meeste gevallen is dit heel eenvoudig op te lossen door je modem te resetten. De verbinding met de pods en onze app wordt dan opnieuw vastgesteld. \n\nIk ga er vanuit dat onze app verder naar tevredenheid werkt.', 'modified': '2022-08-22T09:53:35Z'}"
119,2022-07-25 16:48:51,Alleen maar gekloot gehad. Verschillende apparaten werkten opeens niet meer. Had eerst niet in de gaten dat het aan deze app lag. Toen ik daarachter kwam snel verwijderd en alle problemen waren opgelost. Niks voor mij dus.,1,False,ploazoa,Snel weer verwijderd,"{'id': 31119074, 'body': 'Niet fijn en jammer dat je de app daarom verwijderd hebt. We werken voortdurend aan de ontwikkeling van de Ziggo SmartWifi app en zullen de nodige verbeteringen doorbrengen. Wie weet geef je de app later nog eens een kans en bevalt het dan beter!', 'modified': '2022-07-27T07:17:05Z'}"
120,2022-05-28 12:42:16,"Eerste tijd aardige app. Maar nu continue "" kan modem niet vinden""
Terwijl alle apparaten van iphone iver mac en tv prima berbinding hebben. 
De helpdesk is teveel een loopsysteem. 
Je krijgt niet een mens aan de lijn. 
Sorry maar dit is niks",3,False,staak,Dan wel dan niet,"{'id': 30048308, 'body': 'Hallo Staak, bedankt voor je review. Soms kan het voorkomen dat onze app je modem niet kan vinden. Dit is gelukkig heel eenvoudig op te lossen door je modem voor 60 seconden van de stroom te halen. Daarna zal je modem opnieuw verbinding maken met onze server waardoor de app je modem ook kan vinden :)\n\n', 'modified': '2022-05-30T10:50:47Z'}"
121,2022-07-13 20:46:06,"De app is niet vanuit de gedachte van de klant gemaakt en hierdoor verre van gebruiksvriendelijk.  

Dit ligt vooral bij het opstarten van de app.  
>2 minuten wachten voordat alle informatie is ingeladen en je de app kan gebruiken is een dikke NO GO.",1,False,Oranjerudy,Trage app,"{'id': 30904160, 'body': 'Dank voor je review. We werken voortdurend aan verbeteringen voor de app en ook aan de snelheid waarmee zaken ingeladen worden. Sorry als dit voor jou nu nog een no go is. Hopelijk merk je snel verbeteringen!', 'modified': '2022-07-15T06:58:06Z'}"
122,2022-07-09 14:03:11,"Troep app, werkt voor geen meter",1,False,Ugur Jones,Bagger,"{'id': 30823484, 'body': 'Helaas, jammer dat de app het bij jou niet doet. Inhoudelijke feedback over wat er fout gaat waarderen we enorm en helpt ons bij het verbeteren van de app. Pas gerust je review aan zodat we meer informatie hebben over het probleem dat je ervaart en we daarmee aan de slag kunnen!', 'modified': '2022-07-11T09:14:59Z'}"
123,2022-07-07 21:32:31,Was een fijne app maar kom nu na openen niet meer voorbij startscherm met logo in beeld.,2,False,JWD_28,App blijft hangen bij startscherm,"{'id': 30823461, 'body': 'Dat is niet fijn! Herstart je toestel eens als je dat nog niet geprobeerd hebt om te checken of je dan weer verder komt in de app.', 'modified': '2022-07-11T09:14:12Z'}"
124,2022-07-02 18:13:10,Na de laatste update kan de app de modem niet vinden ook niet na opnieuw opstarten modem,1,False,E. Boom,Kan modem niet vinden,"{'id': 30718218, 'body': 'Bedankt voor je review! Vreemd dat het modem niet meer gevonden kan worden ondanks de reset van je modem. Herstart je toestel nog eens en verwijder desnoods eens de app om daarna opnieuw te installeren. Ik verwacht dat het dan weer werkt.', 'modified': '2022-07-05T05:55:07Z'}"
125,2022-07-01 20:58:01,"Zoals zo vaak bij Ziggo is ook deze app volkomen waardeloos. 
Zeker na de laatste update kan app modem niet meer vinden. 

Bagger!",1,False,zipp-2761,Bagger,"{'id': 30718209, 'body': 'Dag, dankjewel voor je review. Zuur dat de pods het niet doen en dat de app niet naar tevredenheid is. Mijn advies is om je modem eens te rebooten door deze voor 30 seconden stroomloos te zetten. Mogelijk los je de problemen daarmee op!', 'modified': '2022-07-05T05:54:24Z'}"
126,2022-06-24 10:24:05,"Langzaam, duurt lang voordat je iets kan doen. Even snel je wifi delen duurt lang. Vaak wordt er niets gevonden.",2,False,sjef321,Werkt redelijk,"{'id': 30570517, 'body': 'Bedankt voor je review, Sjef! De app heeft inderdaad wat tijd nodig om zaken in te laden. We werken aan verbeteringen daarvoor zodat dit sneller gaat in de toekomst. Reboot je modem eventueel eens door deze voor 30 seconden stroomloos te zetten en check het dan nogmaals. Mogelijk gaat het dan beter en werkt het dan stabieler!', 'modified': '2022-06-27T07:56:09Z'}"
127,2022-06-22 20:57:48,"Sinds vandaag kan ik niet meer inloggen.
De knop werkt niet!",1,False,Toontje66,Smart wifi app werkt niet,"{'id': 30570607, 'body': 'Dag Toontje, dankjewel voor je review! Op welke knop doel je precies als ik mag vragen? Is dit de ""Nu inloggen"" knop op het scherm waar je je gebruikersnaam en wachtwoord dient in te vullen? Sluit de app eens geforceerd en probeer het dan nogmaals. De inlogknop moet het dan doen.', 'modified': '2022-06-27T07:58:58Z'}"
128,2022-06-22 20:21:09,"Wanneer je de pods wilt installeren, moet je de wifi optimaliseren. Wanneer je dit doet en vervolgens op ‚Äúvan start gaan‚Äù drukt, gebeurt er niks. Ook niet na een reset van de telefoon en app..",1,False,Bram',Optimaliseren werkt niet,"{'id': 30570620, 'body': 'Reboot je modem eventueel nog eens door deze voor 30 seconden stroomloos te zetten en check het dan nogmaals. Mogelijk gaat het dan beter en werkt het dan stabieler!', 'modified': '2022-06-27T07:59:28Z'}"
129,2022-06-13 18:08:16,"Wat een slechte, onduidelijke en extreem trage app. Waarom moet alles zo lang duren? Als je rechtstreeks op de router inlogt, gaat het allemaal veel sneller, dus dat kan het probleem ook niet zijn. Aan het wifi-signaal ligt het niet, want dat is prima. Is het gewoon slecht programmeerwerk of zend de app ondertussen allemaal data naar Ziggo van alle apparaten die op de router zitten? Echt slecht. En betere info vooraf, maakt de app niet sneller. Soms maakt de app zelfs helemaal geen contact. Nee echt, dit is een volledig overbodige app. Ik heb ‚Äòm ondertussen verwijderd.",1,True,SalCocco,Beroerd,"{'id': 30322719, 'body': 'Jammer dat je onze app inmiddels hebt verwijderd. Onze app maakt bij het opstarten een scan van je thuissituatie. Omdat wifi geen plug-and-play signaal is, bekijkt de app of er nieuwe apparaten zijn bijgekomen, wel/niet verbonden zijn en de afstand van je mobiele apparaat met de modem. Hierdoor kan het even duren voordat de app alle gegevens heeft ingeladen. We zijn aan het bekijken hoe we dit kunnen verduidelijken qua tekst bij het opstarten van onze app. ', 'modified': '2022-06-13T18:08:16Z'}"
130,2022-06-13 09:51:48,"Deze app gedownload voor de WiFi pods, 1) hij herkent ze niet, dus ik kan het niet opzetten en 2) de hele app weigert verder te gaan als het startscherm nu.",1,False,I=Cookie,Nutteloos,"{'id': 30389160, 'body': 'Dat schiet niet op, helaas... Zet je modem eens stroomloos voor 30 seconden en probeer het dan nogmaals. Hopelijk lukt het dan wel. Zo niet, neem contact op met onze helpdesk voor verdere hulp.', 'modified': '2022-06-16T09:00:00Z'}"
131,2022-06-11 20:11:29,"Ik mag helaas niet minder dan 1 ster geven. Waardeloze app, hij kan mijn modem niet vinden. WiFi netwerken samengevoegd, kan mijn modem niet vinden. Modem van het stroom, kan mijn modem niet vinden. Factory reset, kan mijn modem niet vinden! Waardeloos, deze app heeft maar 1 functie en zelf dat doet hij niet. Ik koop zelf wel een Mash router.",1,False,macfreakforlife,Waardeloos,"{'id': 30323562, 'body': 'Wat jammer dat je tegen dit probleem aanloopt. Het resetten van je modem is vaak wel voldoende om de app & je modem opnieuw verbinding te laten maken. Staat je modem niet in bridge modus? Dat kan de oorzaak zijn dat de app je wifi signaal van je modem niet kan vinden. Staat de wifi van je modem gewoon aan, reset dan je wachtwoord van Mijn Ziggo. Dan wordt de app en je modem opnieuw gekoppeld. ', 'modified': '2022-06-13T09:33:54Z'}"
132,2022-06-11 16:04:10,Wat een irritante app werkt 9 van de 10 keer niet steeds geen verbinding maken lukt nauwelijks apparaten te blokkeren en als dat dan eenmaal is gelukt zijn ze een poosje later weer niet meer gepauzeerd en krijg je 100x foutmelding wordt er zwaar irritant van dan beter geen app als zo een sorry,1,False,schelpien,Slechte app,
133,2022-06-03 01:49:05,Er kan geen verbinding tot stand worden gebracht met het modem via de Smart WiFi app. Hierdoor ook niet de Smart Wifipods kunnen installeren.,1,False,jordib01,Modem wordt niet gevonden,"{'id': 30169672, 'body': 'Hi Jordi,\n\nHet resetten van het modem kan een oplossing bieden. Lost dit niks op? Neem dan contact op met onze klantenservice. Dan helpen wij je met het activeren van de Pods. ', 'modified': '2022-06-05T12:57:54Z'}"
134,2022-06-01 16:18:00,Overal in huis super slechte WiFi,1,False,Mike Lezaire,Ziggo kwaliteit,"{'id': 30138234, 'body': 'Hi Mike,\n\nDat is niet fijn! \n\nWe lossen het graag samen met je op. Wil je contact opnemen met ons via de Mijn Ziggo app? ', 'modified': '2022-06-03T07:30:23Z'}"
135,2022-05-20 07:39:38,"Elke keer verschijnt er een bericht ‚Äúoeps er ging iets mis‚Äú waarna je opnieuw moet inloggen. Dat maakt dat de app erg traag in het gebruik. Ziggo zou dit moeten verbeteren.

Een week later‚Ä¶ de app deleted. Traag en 9 van de 10 keer wordt het netwerk niet gevonden. Werk aan de winkel Ziggo om dit werkend en stabiel te krijgen.",2,True,zcdftedgg,App is niet stabiel,"{'id': 29742080, 'body': 'Hi,\n\nBedankt voor je feedback! We nemen het mee :)', 'modified': '2022-05-20T07:39:38Z'}"
136,2022-05-26 09:02:26,"De app werkt niet, de modem wordt niet gevonden om de pods te installeren. Op het forum van Ziggo en in de recensies hier te lezen is het een bekend probleem, de oplossing is dat er een Ziggo monteur langs komt volgens het forum. Ik wil het zelf doen, als de app zijn werk doet hoeft er ook niemand langs te komen. Ik heb heb geen anti-virus op mijn telefoon, de app kun je ook niet op een pc/laptop starten. Staat ook niet in Bridge-modus, je moet je best doen om dit in de instellingen aan te passen, een normale gebruiker zal dat niet doen. Heb de modem meerdere keren herstart, maar heb het opgegeven, heb een bericht geplaatst via de Mijn Ziggo app, ben benieuwd wat hier uitkomt. Dit moet toch wel getest zijn zo‚Äôn app, of is deze alleen door de ontwikkelaars getest, dat ze met de standaard antwoorden komen, het probleem speelt zich al maanden af volgens de reacties.
Als je ook kijkt naar de positieve recensies, die zijn allemaal van vorig jaar, dus er is tussentijds een update uitgekomen die de app verziekt heeft, dit kunnen jullie nakijken, want nu baseren jullie je aannames dat de app werkt op de recensies van vorig jaar.",1,False,Mek1977nl,"Werkt voor geen meter, zeer slechte app","{'id': 30048072, 'body': 'Wij zijn ons er zeker van bewust dat onze app niet optimaal werkt bij enkele klanten. Daar wordt momenteel hard aan gewerkt. We kijken ook mee met de meldingen op onze Community en hebben dagelijks contact met de moderatoren aldaar. Hierdoor zijn we altijd op de hoogte van de laatste meldingen en ervaringen buiten deze reviews om.', 'modified': '2022-05-30T10:43:08Z'}"
137,2022-05-26 08:46:09,Laadtijd te lang en werkt vaak niet dan wel. App is waarschijnlijk niet goed getest!!!,1,False,Rachidolland,Slechte app goede bedoelingen,"{'id': 30047028, 'body': 'Het klopt dat het even kan duren voordat de app volledig is opgestart.Onze app maakt namelijk elke keer een uitgebreide scan van je wifi situatie. Afhankelijk van waar je staat in je woning en hoeveel apparaten er zijn verbonden met je wifi, kan dit soms wat langer duren. Daarna moeten alle opties wel gewoon beschikbaar zijn. ', 'modified': '2022-05-30T10:23:58Z'}"
138,2022-05-19 21:04:31,"De app doet het 9 van de 10x niet. Blijft maar zeggen ‚Äú oeps er is iets fout gegaan‚Äù 
Of hij laad helemaal niet. Het idee van deze app is goed, zou fijn zijn als hij ook nog werkt‚Ä¶",2,False,Padd0w,App werkt vaker niet dan wel,"{'id': 29900517, 'body': 'Dag, dankjewel voor je review! Zuur dat de app het zo vaak niet doet en fouten weergeeft. Mijn advies is om je modem eens handmatig te rebooten als je dat nog niet gedaan hebt. Zet het modem voor 30 seconden stroomloos, sluit hem opnieuw aan en laat hem gedurende 10 minuten volledig opstarten. Ik ga ervan uit dat de app het hierna beter doet.', 'modified': '2022-05-23T06:43:12Z'}"
139,2022-05-17 10:44:20,Deze app geeft zoveel hoofdpijn. Niks werkt. Ik weet niet welke kanker mogool bij ziggo dit een goed idee vond.,1,False,f binance,Kanker app,
